name,email,country,rfc2_agreed
Alfonso Vitti,<alfonso vitti ing.unitn.it>,Italy,-
Andrea Aime,<aaime openplans.org>,Italy,-
Angus Carr,<apcarr flash.lakeheadu.ca>,Canada,-
Antonio Galea,<antonio.galea gmail.com>,Italy,-
Aldo Clerici,<aldo.clerici unipr.it >,Italy,-
Ari Jolma,<ari.jolma tkk.fi>,Finland,-
Bill Hughes,<bhughes grasshoppernet.com>,USA,-
Brook Milligan,<brook nmsu.edu>,USA,-
Bruce Byars,<Bruce_Byars baylor.edu>,USA,-
Carl Anderson,<candrsn mindspring.com>,USA,-
Charles Ehlschlaeger,<cre111 wiu.edu>,USA,-
Christoph Simon,<ciccio kiosknet.com.br>,Brasil,-
David Knapp,<dknapp carnegiescience.edu>,USA,-
Duccio Rocchini,<ducciorocchini gmail.com>,Italy,-
Dylan Beaudette,<dylan.beaudette gmail.com>,USA,yes
Eric Mitchell,<emitchell altaira.com>,-,-
Francesco Pirotti,<francesco.pirotti unipd.it>,Italy,-
Jacques Bouchard,<bouchard onera.fr>,France,-
Jaro Hofierka,<jhofierka gmail.com>,Slovakia,-
Jeshua Lacock,<jeshua OpenOSX.com>,USA,-
Job Spijker,<spijker geo.uu.nl>,Netherlands,-
Lars Ahlzen,<lars ahlzen.com>,-,-
Lorenzo Moretti,<lorenzo moretti bologna.enea.it>,Italy,-
Lubos Mitas,<lmitas unity.ncsu.edu>,USA,-
Malcolm Blue,<mblue nb sympatico.ca>,Canada,-
Maria Brovelli,<maria.brovelli polimi.it>,Italy,-
Michael Perdue,<michael_perdue yahoo.ca>,-,-
Michel Wurtz,<mw teledetection.fr>,France,-
Otto Dassau,<otto.dassau gmx.de>,Germany,yes
Philip Warner,<pjw rhyme com.au>,Australia,-
Phisan Santitamnont,<fsvpss eng.chula.ac.th>,Thailand,-
Pierre de Mouveaux,<pierre polaris-technologies.com>,-,-
Ralf Gerlich,<ralf.gerlich bsse.biz>,-,-
Roberto Flor,<flor fbk.eu>,Italy,-
Roger Bivand,<Roger Bivand nhh.no>,Norway,-
Roger Miller,<rgrmill rt66.com>,-,-
Tomas Paudits,<tpaudits mailbox.sk>,Slovakia,-
Trevor Wiens,<twiens interbaun.com>,-,-
William Brown,<brown gis.uiuc.edu>,USA,-
